timestamp,event
2025-09-21 04:12:50,Failed login attempt
2025-09-21 04:13:50,File accessed
2025-09-21 04:14:50,System idle
2025-09-21 04:15:50,Failed login attempt
2025-09-21 04:16:50,System idle
2025-09-21 04:17:50,System idle
2025-09-21 04:18:50,System idle
2025-09-21 04:19:50,Failed login attempt
2025-09-21 04:20:50,User login success
2025-09-21 04:21:50,System idle
2025-09-21 04:22:50,System idle
2025-09-21 04:23:50,System idle
2025-09-21 04:24:50,Malware signature found
2025-09-21 04:25:50,Unauthorized access detected
2025-09-21 04:26:50,User login success
2025-09-21 04:27:50,User logout
2025-09-21 04:28:50,User logout
2025-09-21 04:29:50,File accessed
2025-09-21 04:30:50,Unauthorized access detected
2025-09-21 04:31:50,Failed login attempt
